,Lieu,Lat,Lon
0,τῆς Ἀνταίου,26.8992835,31.517443
1,εἰς Κυνῶν,28.479495,30.782897
2,ἀπὸ Κερκη,29.442956,31.194872
3,ἀπὸ Κωμα,29.303135,31.168106
4,Ἀνταίου,26.8992835,31.517443
5,Ἀφροδίτης,26.833145,31.416623
6,εἰς τὴν Ἀνταίου,26.8992835,31.517443
7,ὑπὸ τὴν Ἀφροτίδης sic,26.833145,31.416623
8,εἰς τὴν Πανός,26.565878,31.746075
9,ὁρμώμενος μὲν ἀπὸ Ἀλεξα̣ν̣δρείας,31.1982456667,29.9079146667
10,ἐν τῇ αὐτῇ Ἀντινοέων̣,27.8105625,30.8810025
11,ἐπὶ τῆς αὐτῆς Ἀ̣ντ̣ινοέων,27.8105625,30.8810025
12,ἀ̣πὸ κ̣ώμ̣ης Ἀφρ̣οδί̣τ̣ης̣,26.833145,31.416623
13,τῆς αὐτῆς κώμης Ἀφροδίτης,26.833145,31.416623
14,Ἀφροδίτης,26.833145,31.416623
15,Ἀφροδίτης,26.833145,31.416623
16,π̣ερὶ τὴν α̣ὐ̣τ̣ὴ̣ν κώμην Ἀφροδίτης,26.833145,31.416623
17,τῆς αὐτῆς κώμ̣ης Ἀφροδίτης,26.833145,31.416623
18,περὶ τὴν αὐτὴν κώμην Ἀφροδίτης,26.833145,31.416623
19,Ἀφροδίτης τῆς κώμης,26.833145,31.416623
20,τῆς Ἀπόλλωνος,26.937588,31.326702
21,κώμης Ἀφροδίτης,26.833145,31.416623
22,ἐν Κωνστα̣ντ̣ίνου \\π̣ό̣λ̣ει,41.005902,28.9738815
23,ἐν τῇ Ἀν̣τ̣ι̣νοέων?,27.8105625,30.8810025
24,ἐπὶ τὴν Ἀντινοέων,27.8105625,30.8810025
25,εἰς Ἑρμοῦ πόλιν,27.7756214,30.8047827
26,Ἀφ̣ρ̣οδίτη̣ς̣,26.833145,31.416623
27,Ἀλεξανδρείας,31.1982456667,29.9079146667
28,ἀπὸ Ἀφροδίτης,26.833145,31.416623
29,ἀπὸ κώμης Ἀφ̣ροδίτης,26.833145,31.416623
30,ἀπὸ κώμης Ἀφροδίτης,26.833145,31.416623
31,τῆ<ς> μη̣τ̣ρ̣οπ̣όλεως,26.8992835,31.517443
32,κώμης Ἀφροδίτης,26.833145,31.416623
33,εἰς τὴν Λύκων,27.181346,31.1825335
34,κώμης Ἀφροδίτης,26.833145,31.416623
35,ἐν Ἀλεξανδρείᾳ,31.1982456667,29.9079146667
36,μέχρι Ἀλεξανδρείας,31.1982456667,29.9079146667
37,ὑπὲρ κώμης Ἀφρο̣δίτης,26.833145,31.416623
38,κώμης Ἀφροδίτης,26.833145,31.416623
39,ὑπὲρ κώμης Ἀφροδίτης,26.833145,31.416623
40,Ἀνταίου,26.8992835,31.517443
41,ἐ̣ν̣ Ἀφροδίτῃ κώμῃ,26.833145,31.416623
42,ἀπὸ Ἀφρ̣οδίτης̣ κώμης ,26.833145,31.416623
43,ἀπὸ Ἀφροδίτης τῆς αὐτῆς κώμης,26.833145,31.416623
44,τῆς αὐτῆς κώμης Ἀφροδίτης,26.833145,31.416623
45,τῆς κώμης Ἀφροδίτης,26.833145,31.416623
46,Ἀντινόου,27.8105625,30.8810025
47,Ἀντινόου,27.8105625,30.8810025
48,Ἀντινόου,27.8105625,30.8810025
49,ἐπ̣ὶ τῆς̣ Ἀντινοέων πόλεως,27.8105625,30.8810025
50,ἐπὶ τῆς αὐτῆς Ἀν̣τ̣ι̣νοέων πόλεως,27.8105625,30.8810025
51,Ἀνταίου?,26.8992835,31.517443
52,Ἀφροδίτης,26.833145,31.416623
53,ἀπὸ Ἀφροδίτης τῆς κώμης,26.833145,31.416623
54,Τριφί̣ου?,26.513615,31.6636135
55,ἀπὸ Ἀφροδίτ̣η̣ς̣,26.833145,31.416623
56,Φθλα,26.919206,31.40847
57,ἀπὸ κώμης Ἀφροδίτης,26.833145,31.416623
58,τῆς Ἀνταιουπολιτῶν,26.8992835,31.517443
59,ἀπὸ κώμης Ἀφροδίτης,26.833145,31.416623
60,εἰς τὴν Ἀντινόου,27.8105625,30.8810025
61,τὴν Ἀντινοέων,27.8105625,30.8810025
62,ἀπὸ τῆς Λύκων ,27.181346,31.1825335
63,ἐν Ἀντινόου,27.8105625,30.8810025
64,τῇ Λ̣ύκων,27.181346,31.1825335
65,Ἀντ̣ινό̣ου,27.8105625,30.8810025
66,τῆς Ἀφροδίτης κώμης,26.833145,31.416623
67,ἀ̣π̣ὸ Ἀφροδίτης,26.833145,31.416623
68,εἰς τὴν Κυνοπολιτῶν,28.479495,30.782897
69,ἀπὸ Ἀνταίου,26.8992835,31.517443
70,ἐν Ἀντινόου πόλει,27.8105625,30.8810025
71,ἐν Ἀλεξανδρείᾳ,31.1982456667,29.9079146667
72,Ἀνταιοπολιτοῦ?,26.8992835,31.517443
73,τῆς Ἀνταιοπολιτῶν̣,26.8992835,31.517443
74,Ἀλεξανδρ̣είας,31.1982456667,29.9079146667
75,ἀπὸ Ὑψηλῆς,27.146592,31.234697
76,ἀπὸ Ἀφροδίτης,26.833145,31.416623
77,Κ̣νιδί̣ων,36.686188,27.37404
78,ἐπὶ τῆς Μεγάλης Ἑρμο̣πολιτῶν,27.7756214,30.8047827
79,τὰ  Κνίδια,36.686188,27.37404
80,εἰς Ἀφ̣ροτίδην  sic,26.833145,31.416623
81,δήμου Ἐρχιέως,37.9672025,23.9186855
82,Ἀνταίου,26.8992835,31.517443
83,ἀπὸ τῆς Ἀν<τ>αιοπολιτῶν,26.8992835,31.517443
84,ἀπὸ κώμης Ἀφροδίτης,26.833145,31.416623
85,ἐν Φθλα,26.919206,31.40847
86,ἀπὸ κώμης Ἀφροδίτης,26.833145,31.416623
87,τῆς Ἀνταιοπολιτῶν,26.8992835,31.517443
88,τῆς Ἀνταιοπολιτῶν,26.8992835,31.517443
89,εἰς τὴν Ἀνταίου πόλιν,26.8992835,31.517443
90,ⲡⲙⲟⲛⲁⲥⲧⲏⲣⲓⲟⲛ ⲛⲁⲡⲁ ⲑⲱⲙⲁ,26.856142,31.22026
91,ἀπὸ κώμης Ἀφρ̣οδίτης,26.833145,31.416623
92,ἀ̣π̣ὸ κ̣ώμης Ἀφροδίτης,26.833145,31.416623
93,κώ̣μης Φθλα,26.919206,31.40847
94,ἀπὸ Ἀφροδίτης,26.833145,31.416623
95,κώμης Ἀφροδίτης,26.833145,31.416623
96,κώμης Ἀφροδίτης,26.833145,31.416623
97,τ̣ῆ̣ς̣  Ἀντινοέων,27.8105625,30.8810025
98,κώμης Ἀ̣φροδίτης,26.833145,31.416623
99,ἀπὸ κώμης Ἀφροδ̣ίτης,26.833145,31.416623
100,ἀπὸ κώμης Ἀφροδίτης,26.833145,31.416623
101,κώμης Ἀφροδίτης,26.833145,31.416623
102,ἀπὸ τῆς Ἀντιν̣οέων π̣όλεως,27.8105625,30.8810025
103,Ἀνταίου,26.8992835,31.517443
104,πρὸ τῇ̣ Ἀνταίου,26.8992835,31.517443
105,Φαρανιτ ,28.717525,33.609633
106,Βαυ,26.0715495,32.3689775
107,ἀπὸ κώμης Ἀφροδίτης,26.833145,31.416623
108,κώ̣μης Ἀφροδίτης,26.833145,31.416623
109,ἐν τῇ Ἀντινοέων,27.8105625,30.8810025
110,Ἀ̣ν̣ταίου,26.8992835,31.517443
111,ἀπὸ κώμης Ἀφροδίτης,26.833145,31.416623
112,Ἀνταίου,26.8992835,31.517443
113,κώμης Ἀφροδίτης,26.833145,31.416623
114,Ἀνταίου,26.8992835,31.517443
115,κώμης Ἀφροδίτης,26.833145,31.416623
116,Ἀνταίου,26.8992835,31.517443
117,πόλεως Ἀνταίου,26.8992835,31.517443
118,ἀπὸ κώμης Ἀφροδίτης,26.833145,31.416623
119,κώμης Ἀφροδίτης,26.833145,31.416623
120,τῆς αὐτῆς κώμης Ἀφροδίτης,26.833145,31.416623
121,τῆς αὐτῆς κώμης Ἀφροδίτης,26.833145,31.416623
122,τῆς αὐτῆς κώμης Ἀφροδίτης,26.833145,31.416623
123,κώμης Φθλα,26.919206,31.40847
124,ἀπὸ κώμης Ἀφροδίτης,26.833145,31.416623
125,ἀπὸ κώμης Ἀφροδίτης,26.833145,31.416623
126,τῆς αὐτῆς κώμης Ἀ̣φροδίτης,26.833145,31.416623
127,τῆς Ἀνταιοπολιτῶν,26.8992835,31.517443
128,ἀπὸ κώμης Ἀφροδίτης,26.833145,31.416623
129,κώμης Φθλα,26.919206,31.40847
130,ἀπὸ κώμης Ἀφροδίτης,26.833145,31.416623
131,ἀπὸ τῆς αὐτῆς κώμης Ἀφροδίτης,26.833145,31.416623
132,ἀπὸ τῆς αὐτῆς κώμης Ἀφροδίτης?,26.833145,31.416623
133,ἀπὸ κώμης Ἀ̣φ̣ρ̣ο̣δ̣ί̣τ̣η̣ς,26.833145,31.416623
134,ἀπὸ κώμης Ἀφροδίτ̣ης,26.833145,31.416623
135,κώμης Ἀφρο̣δ̣ί̣της,26.833145,31.416623
136,κώμης Ἀφροδίτης,26.833145,31.416623
137,κώμης Ἀφροδίτης,26.833145,31.416623
138,κώμης Ἀφροδίτης,26.833145,31.416623
139,κώ̣μης Ἀφροδίτης,26.833145,31.416623
140,κώμης Ἀφροδίτη̣ς,26.833145,31.416623
141,ὁρμωμένου ἀπὸ τῆς αὐτῆς κώμης Ἀφροδίτης,26.833145,31.416623
142,κώμης Ἀφροδίτης,26.833145,31.416623
143,τῆς αὐτῆς κώμης Ἀ̣φροδίτης,26.833145,31.416623
144,τῆς αὐτῆς κώμης Ἀφροδίτης,26.833145,31.416623
145,ἀπὸ κώμης Ἀφροδίτης,26.833145,31.416623
146,κώμης Ἀφρο̣δίτης,26.833145,31.416623
147,Ἀνταίου,26.8992835,31.517443
148,κώμης Ἀφροδίτης,26.833145,31.416623
149,τῆς Ἀνταιοπολιτῶν,26.8992835,31.517443
150,κώμης Ἀφροδίτης,26.833145,31.416623
151,ἀπὸ κώμης Ἀφροδίτης,26.833145,31.416623
152,Ạṇtaeopol ,26.8992835,31.517443
153,Afrodites,26.833145,31.416623
154,τῆς ἡμετέρας κώμης Ἀφροδίτης̣,26.833145,31.416623
155,κώμης Ἀφροδίτης,26.833145,31.416623
156,τῆς αὐτῆς κώμης Ἀφροδίτης,26.833145,31.416623
157,ταύτη̣ς̣ τῆς πόλε̣ως Ἀν̣τ̣α̣ί̣ου,26.8992835,31.517443
158,τῆς ἡμετέρας κώμης Ἀφροδίτης,26.833145,31.416623
159,Ἑρμοῦ πόλεως,27.7756214,30.8047827
160,ἀπὸ Ἀπόλλωνος,26.937588,31.326702
161,Aṇtaeop̣oleos,26.8992835,31.517443
162,Ἑρμοῦ πόλεως,27.7756214,30.8047827
163,ἀπὸ Ἀπόλλωνος,26.937588,31.326702
164,κώμης Ἀφροδίτης,26.833145,31.416623
165,Afrodites,26.833145,31.416623
166,εἰς τὴν ὑμετέραν κώμην Ἀφροδίτης,26.833145,31.416623
167,τῆς αὐτῆς κώμης Ἀφροδίτης,26.833145,31.416623
168,τῆς αὐτῆς κώμης Ἀφροδίτης,26.833145,31.416623
169,τῆς εἰρημένης κώμης Ἀφροδίτης,26.833145,31.416623
170,τῆς αὐτῆς κώμης Ἀφροδίτης,26.833145,31.416623
171,τῆς ἡμετέρας κώμης Ἀφροδίτης,26.833145,31.416623
172,κώμης Ἀφροδίτης,26.833145,31.416623
173,Antaepoleos,26.8992835,31.517443
174,ex Afrodites,26.833145,31.416623
175,Antaeop̣oleos,26.8992835,31.517443
176,κώμης Ἀφροδίτης,26.833145,31.416623
177,ἀπὸ κώμης Ἀφροδίτης,26.833145,31.416623
178,κώμης Ἀφροδίτης,26.833145,31.416623
179,ἀπὸ τῆς αὐτῆς κώμης Ἀφροδίτης,26.833145,31.416623
180,Ἀνταίου,26.8992835,31.517443
181,κώμης Ἀφροδίτης,26.833145,31.416623
182,Ἀνταίου,26.8992835,31.517443
183,τ̣ῆς Ἀ̣νταιοπολιτῶν̣,26.8992835,31.517443
184,ἀπὸ κώμης Ἀφροδίτης,26.833145,31.416623
185,τῆς αὐτῆς κώμης Ἀφροδίτης,26.833145,31.416623
186,τῆς Ἀνται̣οπολιτῶν,26.8992835,31.517443
187,ἀπὸ κώμης Ἀφροδίτη̣ς,26.833145,31.416623
188,κώμης Φθλα,26.919206,31.40847
189,Ἀνταίου,26.8992835,31.517443
190,τῶν Φα̣ρανιτῶν,28.717525,33.609633
191,Βαυ,26.0715495,32.3689775
192,Ἀπόλλωνος,26.937588,31.326702
193,τῶν̣ Φαρανιτῶν,28.717525,33.609633
194,Ἀνταίου,26.8992835,31.517443
195,τῶν Φαρανιτῶν,28.717525,33.609633
196,Ἀνταίου,26.8992835,31.517443
197,ἀπὸ Ἀφροδίτης,26.833145,31.416623
198,Ἀφροδίτης,26.833145,31.416623
199,περὶ κώμην Ἀφροδίτη̣ς,26.833145,31.416623
200,κώμης Ἀφροδίτης,26.833145,31.416623
201,ὑπὲρ κώμης Ἀφροδίτης?,26.833145,31.416623
202,τῆς Τεντυριτῶν πόλεως,26.141775,32.6700972222
203,Τεντυριτῶν,26.141775,32.6700972222
204,τῆς Τηντεριτῶν πόλιος sic,26.141775,32.6700972222
205,τῆς αὐτῆς Τεντυριτῶν πόλεως,26.141775,32.6700972222
206,τῆς αὐ̣τῆς Τεντυριτῶν πόλεως,26.141775,32.6700972222
207,τῆς αὐτῆς Τεντυριτῶν πόλεως,26.141775,32.6700972222
208,τῆς αὐτῆς Τεντυριτο͂ν πόλεως,26.141775,32.6700972222
209,τῆς αὐτῆς Τεντυ̣ριτῶν πόλεως,26.141775,32.6700972222
210,τῆς αὐτῆς Τ̣ε̣ντυριτῶν πόλ̣ε̣ω̣ς̣,26.141775,32.6700972222
211,κώμης Ἀφροδίτης,26.833145,31.416623
212,ὁρμωμ̣ένου ἀπὸ τῆς αὐτῆς κώμης Ἀφροδίτης,26.833145,31.416623
213,ὁρμώμενοι ἀπὸ τῆς Ἀντινοέων,27.8105625,30.8810025
214,ἀπὸ Ἀντινόου,27.8105625,30.8810025
215,ἀπὸ Ἀ̣ντινόου,27.8105625,30.8810025
216,τῆς Ἀνταιοπολιτῶν,26.8992835,31.517443
217,ἀπὸ κώμης Ἀφροδίτη̣ς,26.833145,31.416623
218,κώμης Φθλα,26.919206,31.40847
219,κώμης Ἀφροδίτης,26.833145,31.416623
220,Πανοπολίτου?,26.565878,31.746075
221,κώμη̣ς̣ Φθλα̣,26.919206,31.40847
222,κώμης Ἀφρο̣δ̣ί̣τ̣η̣ς,26.833145,31.416623
223,ὁρ̣μ̣ωμ̣ένου ἀπὸ τῆς αὐτῆς κώμης Ἀφροδίτης,26.833145,31.416623
224,κώμης Ἀφροδίτης,26.833145,31.416623
225,τῆς αὐτῆς κ̣ώμης̣ Ἀφροδίτης,26.833145,31.416623
226,ἀπὸ κώμης̣ Ἀ̣φ̣ρ̣οδίτ̣η̣ς̣,26.833145,31.416623
227,τῆς αὐτῆς κώμης Ἀφροδίτης,26.833145,31.416623
228,ἀπὸ κώμης Ἀφροδίτης,26.833145,31.416623
229,ἀπὸ τῆς αὐτῆς κώμης Ἀφροδίτης,26.833145,31.416623
230,εἰς τὴν Ἀλεξανδρέων μεγαλόπολιν,31.1982456667,29.9079146667
231,ἀπὸ̣ κώμης Ἀφροδίτης,26.833145,31.416623
232,εἰς τὴν μεγαλόπολι̣ν̣ Ἀ̣λ̣εξάνδρειαν,31.1982456667,29.9079146667
233,τῆς Ἀνταιουπολιτῶν,26.8992835,31.517443
234,ἀπὸ κ̣ώμης Ἀφροδίτης,26.833145,31.416623
235,Φθλα,26.919206,31.40847
236,ἀπὸ κώμης Ἀφροδίτης,26.833145,31.416623
237,ἀπὸ τῆς αὐτῆς κώμης Ἀφροδίτης,26.833145,31.416623
238,ἐπὶ τῆς αὐτῆς κώμης Ἀφροδίτης,26.833145,31.416623
239,τῇ Ἑρμουπολιτῶν̣ πόλει,27.7756214,30.8047827
240,ἀπὸ κώμης Ἀφροδίτη̣ς,26.833145,31.416623
241,κώμης Ἀφροδίτης,26.833145,31.416623
242,ἀπὸ τῆς αὐτῆς κώμης Ἀφροδίτης,26.833145,31.416623
243,κώμης Ἀ̣φ̣ροδίτης,26.833145,31.416623
244,ἐπὶ κώμη̣ς̣ Ἀφροδίτης,26.833145,31.416623
245,ἀπὸ κώμης Ἀφροδίτης,26.833145,31.416623
246,ἀπ̣ὸ κώμη̣ς Ἀφροδίτης,26.833145,31.416623
247,ἀ̣π̣ὸ τῆς αὐτῆς κώ̣μης Ἀ̣φ̣ροδίτη̣ς̣,26.833145,31.416623
248,ἀπὸ κώμης Ἀφροδίτης,26.833145,31.416623
249,ἀπὸ κώμης Ἀφροδ̣ίτης,26.833145,31.416623
250,ἀπὸ κώμης Ἀφρ̣ο̣δίτης,26.833145,31.416623
251,Ἀφροδίτης,26.833145,31.416623
252,εἰς Ἀντινόου,27.8105625,30.8810025
253,Ἀνταίου,26.8992835,31.517443
254,Ἀφροδίτης,26.833145,31.416623
255, κώμ̣η̣<ς>? Ἀ̣φ̣ροδίτης,26.833145,31.416623
256,ἀπὸ Ἀφροδίτης τῆς κώμης ,26.833145,31.416623
257,ἐπὶ τῆς αὐτῆς κώμης Ἀφροδίτης,26.833145,31.416623
258,ἀ̣π̣ὸ Ἀφροδίτης,26.833145,31.416623
259,κώμης Φθλα,26.919206,31.40847
260,ἀπὸ κώμης Ἀφροδίτης,26.833145,31.416623
261,τῆς αὐτῆς κώμης Ἀφροδίτης,26.833145,31.416623
262,Ἀνταίου̣,26.8992835,31.517443
263,Ἀφροδίτης,26.833145,31.416623
264,Ἀν̣τ̣α̣ί̣ου,26.8992835,31.517443
265,ἀπὸ Ψιναβλα,26.653194,31.600403
266,κώμη Ἀφροδίτης?,26.833145,31.416623
267,εἰς Ἀντινόου πόλιν,27.8105625,30.8810025
268,εἰς Ἀντινόου,27.8105625,30.8810025
269,εἰς Ἀντινόου,27.8105625,30.8810025
270,εἰς Ἀν̣τινόου,27.8105625,30.8810025
271,ε̣ἰς Ἀντινόου,27.8105625,30.8810025
272,Ἀνταίου,26.8992835,31.517443
273,εἰς τὴν Ἀφροδ̣ί̣τ̣η̣ν̣,26.833145,31.416623
274,κώμης Ἀφροδίτης,26.833145,31.416623
275,ἀπὸ τῆς αὐτῆς κώμης Ἀφροδίτης,26.833145,31.416623
276,ἀπὸ Ἀφροτίτη̣ς sic,26.833145,31.416623
277,κώμης Φθαλ sic,26.919206,31.40847
278,ε̣ἰς τ̣ὴν̣ Ἀλεξ̣αν̣δ̣ρ̣έων μεγαλόπολιν,31.1982456667,29.9079146667
279,ἀπὸ κώμης Ἀφροδίτης,26.833145,31.416623
280,εἰς τὴν μεγαλόπολιν Ἀλεξάνδ̣ρ̣εια̣ν,31.1982456667,29.9079146667
281,ἀπὸ κώμης Ἀφροδίτη̣ς,26.833145,31.416623
282,Ἀφροδίτης̣ τῆς κώμης,26.833145,31.416623
283,κώμης Ἀφροδίτης,26.833145,31.416623
284,Ἀ̣ντα̣ίου,26.8992835,31.517443
285,Φιλ  Φιλιτιανοῖς?,24.025031,32.884252
286,Ἀνταίου,26.8992835,31.517443
287,εἰς Ἀντινόου,27.8105625,30.8810025
288,εἰς Ἀντινόου,27.8105625,30.8810025
289,Ἀνταίου,26.8992835,31.517443
290,εἰς Ἀ̣ντινόου,27.8105625,30.8810025
291,ἀπὸ? Τοετω,26.768177,31.498968
292,ε̣ἰ̣ς Ἀντ̣ινόου,27.8105625,30.8810025
293,τῆς Ἀνταιοπολιτῶν,26.8992835,31.517443
294,κώμης Ἀφροδίτης,26.833145,31.416623
295,ἀπὸ κώμης Ἀφροτίδης sic,26.833145,31.416623
296,ἀπὸ Ἀνταίου,26.8992835,31.517443
297,Φθλα,26.919206,31.40847
298,Ἀνταιοπολιτικῶν,26.8992835,31.517443
299,κώμης̣ Φθλα,26.919206,31.40847
300,τῆς Ἀνταιοπολιτῶν,26.8992835,31.517443
301,κώμης Φθλα,26.919206,31.40847
302,τῆς Πανὸς πόλεως,26.565878,31.746075
303,κωμῆς Φθλα,26.919206,31.40847
304,τῆς Πανός,26.565878,31.746075
305,ἀπὸ Ἀφρ̣ο̣δ̣ί̣τ̣ης,26.833145,31.416623
306,κώμης Φθαλ sic,26.919206,31.40847
307,ἀπὸ Ἀφροδίτης,26.833145,31.416623
308,κώμη̣ς̣ Ψιν̣αβλα,26.653194,31.600403
309,κώμης Ἀφροδίτης,26.833145,31.416623
310,τ̣ῆς αὐτῆς κώμης Ἀφροδίτης,26.833145,31.416623
311,ἀ̣πὸ κώμης Ἀφροδίτης̣,26.833145,31.416623
312,εἰς Τοετω,26.768177,31.498968
313,εἰς Ἀντινόου,27.8105625,30.8810025
314,ἀπὸ κώμης Ἀφροδίτης,26.833145,31.416623
315,Ἀνταίου?,26.8992835,31.517443
316,ἀπὸ Ἀφ̣ροδίτης τῆς κώμης,26.833145,31.416623
317,τῶν Ἑρμουπολιτῶν,27.7756214,30.8047827
318,ἀπὸ κώμης Ἀφροδίτης,26.833145,31.416623
319,ἀπὸ κώμης Ἀφροδίτης,26.833145,31.416623
320,ἀπὸ κώμης Ἀφροδίτης,26.833145,31.416623
321,Ἀνταίου,26.8992835,31.517443
322,Ἀνταίου,26.8992835,31.517443
323,Ἀνταίο̣υ,26.8992835,31.517443
324,ἐν κώμῃ λεγομένῃ Ἀφροδίτῃ,26.833145,31.416623
325,ἀπὸ τῆς  κώμης ἐπιλεγομένης Ἀφροδίτης̣,26.833145,31.416623
326,ἐν Ἀλεξανδρείᾳ,31.1982456667,29.9079146667
327,ὑ̣π̣ὲ̣ρ̣ κώμης Ἀφρ̣οδίτης,26.833145,31.416623
328,Ἀντα̣ιο̣υ̣πολιτ̣ῶν̣,26.8992835,31.517443
329,ὑπὲρ κώμ̣ης Ἀ̣φροδίτης,26.833145,31.416623
330,τῆς μεγαλεπόλεως sic Ἀλεξανδρίας,31.1982456667,29.9079146667
331,τῆς Ἀνταιουπολιτῶν,26.8992835,31.517443
332,κώμης Ἀφροδίτης,26.833145,31.416623
333,Ἀνταίου,26.8992835,31.517443
334,κώμης Ἀφροδίτης,26.833145,31.416623
335,κώμης Ἀφροδίτης,26.833145,31.416623
336,Ἀνταίο̣υ,26.8992835,31.517443
337,πόλεως Ἀνταίου,26.8992835,31.517443
338,κώμης Ἀφροδίτης,26.833145,31.416623
339,Ψιναβλα,26.653194,31.600403
340,Ἀφροδίτης,26.833145,31.416623
341,Ἀφροδίτης,26.833145,31.416623
342,Ἀφροδίτης,26.833145,31.416623
343,εἰς Ἀντινόου,27.8105625,30.8810025
344,Ἀνταίου,26.8992835,31.517443
345,Ἀφροδίτης,26.833145,31.416623
346,Ἀνταίου,26.8992835,31.517443
347,Ἀντινόου,27.8105625,30.8810025
348,ἀπ̣ὸ̣ κ̣ώμης Ἀφ̣ροδίτης,26.833145,31.416623
349,τῆς Ἀνταιοπολιτῶν,26.8992835,31.517443
350,Ἀνταίου,26.8992835,31.517443
351,Ἀντα̣ίου,26.8992835,31.517443
352,Τριπε,26.513615,31.6636135
353,Ἀφροδίτης,26.833145,31.416623
354,Ἀφροδίτης,26.833145,31.416623
355,ἀπ̣ὸ̣ Ἀντινόου,27.8105625,30.8810025
356,εἰς Ἀντινόου,27.8105625,30.8810025
357,ὑπὲρ κώμης Ἀφροδίτης,26.833145,31.416623
358,Ἀφροδίτης,26.833145,31.416623
359,Ἀνταίου,26.8992835,31.517443
360,ὑπὲρ κώμης Ἀφροδίτης,26.833145,31.416623
361,Antinooupoli,27.8105625,30.8810025
362,τῆς Ἀνταιοπολίτων,26.8992835,31.517443
363,ἀπὸ κώμης Ἀφροδίτης,26.833145,31.416623
364,τὴν Ἀφροδίτης κώμην,26.833145,31.416623
365,τῆς Ἀνταιοπολιτῶν,26.8992835,31.517443
366,εἰς τὴν Ἀλεξανδρέων μεγαλόπολιν,31.1982456667,29.9079146667
367,ἀπὸ κώμης Ἀφροδίτης,26.833145,31.416623
368,ἀπὸ κώμης Ἀφροδίτης,26.833145,31.416623
369,ἀπὸ κ̣ώμ̣ης Ἀφροδίτης,26.833145,31.416623
370,εἰς τὴν Ἀλεξανδρέων μεγαλόπολιν,31.1982456667,29.9079146667
371,εἰς τὴν μεγαλόπολιν Ἀλεξάνδρειαν,31.1982456667,29.9079146667
372,ἀπὸ κώμης Ἀφροδίτης,26.833145,31.416623
373,Φθλα,26.919206,31.40847
374,εἰς Ἀνταίου,26.8992835,31.517443
375,εἰς Ἀντινόου,27.8105625,30.8810025
376,εἰς  Τοετο,26.768177,31.498968
377,εἰς  Πανός,26.565878,31.746075
378,εἰς Τοετω,26.768177,31.498968
379,εἰς Τοε̣̣τ̣ω,26.768177,31.498968
380,ε̣ἰ̣ς Π̣ανός,26.565878,31.746075
381,εἰς Π̣ανός,26.565878,31.746075
382,Ἑρμοῦ πόλεως,27.7756214,30.8047827
383,ἐν Ἀ̣ν̣τινόου,27.8105625,30.8810025
384,Ἀνταίου,26.8992835,31.517443
385,ἀπὸ κώμης Ἀφρ̣οδίτης,26.833145,31.416623
386,ἀπὸ κώμης Ἀφροδίτης,26.833145,31.416623
387,ἀπὸ κώμης Ἀφροδίτης,26.833145,31.416623
388,τῆς Ἀνταιοπο̣λ̣ιτῶν,26.8992835,31.517443
389,κώμης Ἀφροδίτης,26.833145,31.416623
390,κώμης Ἀφροδίτης,26.833145,31.416623
391,κώμης Ἀφρ\\οτίτης sic,26.833145,31.416623
392,κώ̣μης Ἀφροδίτης̣,26.833145,31.416623
393,κώ̣μης Ἀφροδίτης,26.833145,31.416623
394,τῆς α̣ὐ̣τ̣ῆ̣ς̣ κώμης Ἀφρο̣δ̣ί̣της,26.833145,31.416623
395,τῆς̣ κώμης Ἀφροδίτης,26.833145,31.416623
396,τῆς αὐτῆς κώ̣μης Ἀφρ̣ο̣δ̣ί̣τ̣ης,26.833145,31.416623
397,τῆς αὐτῆς κώμη̣ς̣ Ἀφροδίτης,26.833145,31.416623
398,κώμης Ἀφροδίτης,26.833145,31.416623
399,τῆς αὐτῆς κώμ̣η̣ς̣ Ἀφροδίτης,26.833145,31.416623
400,κώμ̣η̣ς̣ Ἀ̣φροδίτης,26.833145,31.416623
401,κώμης Ἀφροδίτης̣,26.833145,31.416623
402,κώμη̣ς̣ Ἀφροδίτης,26.833145,31.416623
403,κωμ̣ῆς̣ Ἀφροδίτης,26.833145,31.416623
404,ἀπὸ τῆς αὐτῆς κώμης Ἀφροδίτης,26.833145,31.416623
405,τῆ̣ς κώμης Ἀφροδίτης,26.833145,31.416623
406,κώ̣μη̣ς̣ Ἀφροδ̣ίτης,26.833145,31.416623
407,κώμης Ἀφροδίτης,26.833145,31.416623
408,κώμης Ἀφροδ̣ίτης,26.833145,31.416623
409,ἀπὸ Ἀφροδίτης,26.833145,31.416623
410,κώμης Ἀφρο̣δ̣ίτης,26.833145,31.416623
411,ἀπὸ̣ Ἀφροδίτης,26.833145,31.416623
412,κ̣ώ̣μ̣ης Ἀ̣φ̣ροδί̣τ̣η̣ς̣,26.833145,31.416623
413,κ̣ώ̣μ̣ης Ἀφ̣ροδίτης̣,26.833145,31.416623
414,ἀπὸ κώμης Ἀφ̣ροδ̣ίτης,26.833145,31.416623
415,τῆς Ἀνταιοπολιτῶν,26.8992835,31.517443
416,κώμης Φ̣θ̣λα,26.919206,31.40847
417,κώμης Ἀφροδίτης,26.833145,31.416623
418,κώ̣μης Ἀφρ̣οδ̣ίτης,26.833145,31.416623
419,κώμη ἐπιλεγο̣μένη Ἀφροδίτη,26.833145,31.416623
420,ἀπὸ Ἀφροδίτης τῆ̣ς κ̣ώμ̣ης,26.833145,31.416623
421,κώμ̣ης Ἀφροδίτης,26.833145,31.416623
422,ἀπὸ κώμης Ἀφρο̣δίτης,26.833145,31.416623
423,ἐπὶ τῆς αὐτῆς κώμης Ἀφροδ̣ίτης,26.833145,31.416623
424,εἰς Ἀντινό̣ου,27.8105625,30.8810025
425,εἰς Ἀντινό̣ο̣υ,27.8105625,30.8810025
426,εἰς Ἀντινόου,27.8105625,30.8810025
427,εἰς Λύκων,27.181346,31.1825335
428,ἀπὸ Φθλα,26.919206,31.40847
429,Φθλα τὴν κώμην,26.919206,31.40847
430,εἰς Ἀφροδίτην,26.833145,31.416623
431,ἀπὸ Ἀφρ̣ο̣δ̣ί̣της κώμης,26.833145,31.416623
432,Φθλα,26.919206,31.40847
433,εἰς τὴν κώμην Ἀφροδίτης,26.833145,31.416623
434,ἀπὸ Φθλα,26.919206,31.40847
435,οἱ ἐξ Ἀφροδίτης τῆς κώμης ὁρμώμενοι,26.833145,31.416623
436,ἀπὸ κώμης Ἀφροδίτης,26.833145,31.416623
437,ἀπὸ τῆς αὐτῆς κώμης Ἀφροδίτης,26.833145,31.416623
438,εἰς Ἀντινόου,27.8105625,30.8810025
439,εἰς Λύκων,27.181346,31.1825335
440,εἰς Ἀντινόου,27.8105625,30.8810025
441,εἰς Ἀντινόου?,27.8105625,30.8810025
442,εἰς Ἀ̣ν̣τινόου,27.8105625,30.8810025
443,Ἀνταίου,26.8992835,31.517443
444,Ἀνταίου,26.8992835,31.517443
445,Ἀνταίου,26.8992835,31.517443
446,εἰς Ἀντινόου,27.8105625,30.8810025
447,εἰς Ἀν̣τ̣ινόου̣,27.8105625,30.8810025
448,εἰς Ἀντινόου,27.8105625,30.8810025
449,Ἀντα̣ί̣ου,26.8992835,31.517443
450,ε̣ἰ̣ς Ἀντ̣ι̣ν̣ό̣ου,27.8105625,30.8810025
451,Ἀνταίου,26.8992835,31.517443
452,τῇ Ἑρμουπολιτῶν πόλει,27.7756214,30.8047827
453,ἀπὸ κώμης Ἀφρο̣δίτης,26.833145,31.416623
454,τῆς αὐτῆς κώμης Ἀφροδίτης,26.833145,31.416623
455,τῇ Ἑρμουπολιτῶν πόλει,27.7756214,30.8047827
456,κατὰ μὲν Ῥωμαίους,41.8917375,12.4861685
457,ἀπὸ κώμη Ἀφροδίτης,26.833145,31.416623
458,κατὰ μὲν Ῥω̣μ̣αίους,41.8917375,12.4861685
459,πόλεως Ἀνταίου,26.8992835,31.517443
460,κώμης Ἀφροδίτης,26.833145,31.416623
461,κώ̣μ̣ης Φ̣θ̣λ̣α̣,26.919206,31.40847
462,κ̣ατὰ̣ τ̣ὴν Ἀλεξάνδρο̣υ̣ μεγάλην πόλιν,31.1982456667,29.9079146667
463,κατὰ τὴν Ἀλεξανδρέων,31.1982456667,29.9079146667
464,Ἀνταίου?,26.8992835,31.517443
465,ἀπὸ κώμης Ἀφροδίτης,26.833145,31.416623
466,κώμης̣ Φθλα,26.919206,31.40847
467,ἀπὸ Ἀφροδιτοῦς τῆς κώμης,26.833145,31.416623
468,τῆς Ἀνταιοπολιτῶν,26.8992835,31.517443
469,τῆς Ἀνταιοπολιτῶν,26.8992835,31.517443
470,  τῆς κώμης,26.833145,31.416623
471,τῆς Ἀνταιοπολιτῶν,26.8992835,31.517443
472,ἐν τῇ  Φλαυίου Κωνστ̣αντ̣ίνου πόλει Ῥώμῃ,41.005902,28.9738815
473,ἀπὸ κώμης καλουμένης Ἀφροδιτῶ̣ν,26.833145,31.416623
474,κ̣ατὰ ταύτην τὴν βασιλε̣ί̣δ̣α πόλ̣ιν,41.005902,28.9738815
475,ἐπὶ ταύτης τῆς βασιλευούσης,41.005902,28.9738815
476,ἀ̣π̣ὸ̣ τ̣ῆ̣ς Λύκω̣ν̣ πόλεως,27.181346,31.1825335
477,εἰς Ἀ̣ντινόου,27.8105625,30.8810025
478,ἐν Ἀντινόου,27.8105625,30.8810025
479,τῆς Ἀνταίου,26.8992835,31.517443
480,Συηνίταις,24.081158,32.89804
481,Φιλιτιανοῖς,24.025031,32.884252
482,Ἀνταίου,26.8992835,31.517443
483,Τρώων,39.9575,26.238889
484,κώμης Φθλα,26.919206,31.40847
485,κώμης Ἀφροτίτης sic,26.833145,31.416623
486,Παφίης,34.757212,32.406593
487,Θήβην̣,25.68502752,32.6355911
488,ἐνὶ Θήβῃ,25.68502752,32.6355911
489,διʼ  Ἄργος,37.631561,22.719464
490,διʼ  πόλιν Ἴλου,39.9575,26.238889
491,κώμης Ἀφροδίτης,26.833145,31.416623
492,τῆς Ἀνταιοπολιτῶν,26.8992835,31.517443
493,κώμης Ἀφροδίτης,26.833145,31.416623
494,ἐν τῇ αὐτῇ κώμῃ Ἀφροδίτης,26.833145,31.416623
495,κώμης Ἀφρ̣οδίτης,26.833145,31.416623
496,ἐπὶ τῆς αὐτῆς κώμης Ἀφροδίτης,26.833145,31.416623
497,ἀπὸ κώμης Ἀφροδίτης,26.833145,31.416623
498,κώ̣μ̣ης Φθλα,26.919206,31.40847
499,κ̣ώμης Φ̣θ̣λ̣α̣,26.919206,31.40847
500,ἐπὶ κώμης Ἀφροδίτης,26.833145,31.416623
501,ἀπὸ τῆς αὐτῆς κώμης Ἀφροδίτης,26.833145,31.416623
502,ἀπὸ τῆς αὐτῆς κώμης Ἀφροδίτης,26.833145,31.416623
503,κώμης Ἀφροδίτης,26.833145,31.416623
504,ἀπὸ τῆς αὐτῆς κώμης Ἀφροδίτης,26.833145,31.416623
505,κώμης Ἀφροδίτης,26.833145,31.416623
506,κώμη̣ς Ἀφροδίτης,26.833145,31.416623
507,τῆ̣ς̣  κ̣ώμ̣η̣ς̣ Φθ̣λ̣α̣̣,26.919206,31.40847
508,τῆς̣ Ἀνταιοπολιτῶ̣ν̣,26.8992835,31.517443
509,κώμης Ἀφροδίτης,26.833145,31.416623
510,τῆς αὐτῆς κώμης Ἀφροδίτης,26.833145,31.416623
511,τῆς αὐτ̣ῆ̣ς κώμης Ἀφροδ̣ί̣τ̣η̣ς,26.833145,31.416623
512,ἀπὸ τῆς κώμης Ἀφροδίτης,26.833145,31.416623
513,ἐν Ἀντινόου πόλεως,27.8105625,30.8810025
514,ὁρμωμένη ἀπὸ τῆς Ἀντινοέων,27.8105625,30.8810025
515,ἀπὸ τ̣ῆς αὐτῆς Ἀντινοέων,27.8105625,30.8810025
516,κατὰ ταύτην τὴ̣ν Ἀντι̣νοέων πόλιν,27.8105625,30.8810025
517,ἀπὸ̣ κ̣ώμης̣ Ἀ̣φροδίτης,26.833145,31.416623
518,ἀπὸ κώμ̣ης Ψιναβ̣λ̣α,26.653194,31.600403
519,ἀπὸ τῆς αὐτῆς κώ̣μης Ψιναβλα,26.653194,31.600403
520,Ἠλίου π̣ολ̣ιτε̣υσαμένου,30.131757,31.284786
521,τῆς αὐτῆς κώμης Ἀφροδ̣ίτης,26.833145,31.416623
522,τῆς αὐτῆς κ̣ώμης Ἀφροδίτης,26.833145,31.416623
523,ἀπὸ Ψ̣ιναβλα,26.653194,31.600403
524,ἀπὸ κώμης Ἀ̣φροδίτης,26.833145,31.416623
525,ἀπὸ κώμης Ψιναβλ̣α,26.653194,31.600403
526,Ἠλίου πολιτευσαμένου,30.131757,31.284786
527,τῆς αὐτῆς κώμης Ἀφροδίτης,26.833145,31.416623
528,τῆς αὐτῆς κώμ̣ης Ἀφροδίτης,26.833145,31.416623
529,ἀπὸ κώμης Ψιναβλα,26.653194,31.600403
530,ὁρμωμένῳ ἀπὸ κώ̣μης Ἀφροδίτης,26.833145,31.416623
531,ἀπὸ τῆς αὐτῆς κώμης Ἀφροδίτης,26.833145,31.416623
532,κώμης Φθλα,26.919206,31.40847
533,Ἀνταίου,26.8992835,31.517443
534,Ἀλεξα<ν>δρείας,31.1982456667,29.9079146667
535,κώμης Ἀφροδίτης,26.833145,31.416623
536,Ἀνταίου,26.8992835,31.517443
537,κώμης Ἀφροδίτης,26.833145,31.416623
538,πόλεως Ἀνταίου,26.8992835,31.517443
539,τῆς Πανοπολιτῶν,26.565878,31.746075
540,ὁρμωμένης̣ ἀπ̣ὸ̣ κώ̣μ̣ης Ἀφροδίτης,26.833145,31.416623
541,ἐν κώμῃ Ἀφροδίτης,26.833145,31.416623
542,τῆς Ἀνταιοπολιτῶν̣,26.8992835,31.517443
543,ἐν τῇ Ἀνταιοπολιτῶν̣,26.8992835,31.517443
544,ἀπὸ κώμης Ἀφροδίτης,26.833145,31.416623
545,ἀπὸ κώμης Πτ̣ε̣  Πτ̣ε̣με,26.904908,31.444085
546,ἐπὶ κώμης Ἀφροδ̣ίτης,26.833145,31.416623
547,τῆς α̣ὐ̣τ̣ῆς κώμης Ἀφροδίτης,26.833145,31.416623
548,τῆς κώμης Ἀφροδίτης,26.833145,31.416623
549,ἀπὸ Ἀφροδίτης τῆς κώμης ,26.833145,31.416623
550,τῆς Πανὸς πόλεως,26.565878,31.746075
551,τῆς αὐτῆς κώμης Ἀφροδίτης,26.833145,31.416623
552,κώμης Φθλα,26.919206,31.40847
553,εἰς τὴν  κώμην̣ Ἀφροδίτην,26.833145,31.416623
554,τῆ̣ς τε̣ αὐτῆς κώμης?,26.833145,31.416623
555,Φθλα,26.919206,31.40847
556,Θήβη,25.68502752,32.6355911
557,Θήβη̣,25.68502752,32.6355911
558,Φαρίης,31.214039,29.885368
559,μετὰ Θήβης,25.68502752,32.6355911
560,Νικαινοῦ,40.4290936667,29.7146816667
561,τ̣ῆ̣σδε τῆς̣ ἐμῆς κώμης Ἀφροδίτης,26.833145,31.416623
562,Θήβη,25.68502752,32.6355911
563,Τρωσ̣ί,39.9575,26.238889
564,Τρώεσσιν,39.9575,26.238889
565,Ὀλ̣ύμπια,37.637807,21.630049
566,Π̣ύθ̣ια,38.4819545,22.5014055
567,Ἴσ̣θ̣μι̣α,37.915927,22.993169
568,Νέ̣με̣α,37.808904,22.7108171
569,Παφίης,34.757212,32.406593
570,φύτλην Ῥωμαίω̣ν,41.8917375,12.4861685
571,Ῥωμαίαν  πόλιν,41.8917375,12.4861685
572,Θήβη,25.68502752,32.6355911
573,Ἁδριανοῦ̣,27.8105625,30.8810025
574,Θ̣ή̣β̣ης,25.68502752,32.6355911
575,ἀπὸ Ἀφροδίτης,26.833145,31.416623
576,Ἀν̣τινόου,27.8105625,30.8810025
577,ἐπὶ ταύτης τῆς̣ καλλιπόλεως Ἀντινοέων,27.8105625,30.8810025
578,ἐν Ἀντινόου πόλει,27.8105625,30.8810025
579,ἀπὸ τῆς Λυκο̣π̣ο̣λ̣ε̣ι̣τ̣ῶν̣,27.181346,31.1825335
580,ἐπὶ τῆς Ἀντινοέων,27.8105625,30.8810025
581,ὁρμωμένῳ ἀπὸ κώ̣μης Ἀφροδίτης,26.833145,31.416623
582,ἐπὶ τῆς αὐτῆς Ἀντινοέων,27.8105625,30.8810025
583,ἀπὸ Ἀντ̣ι̣νόου,27.8105625,30.8810025
584,ἀπὸ Λύκων,27.181346,31.1825335
585,ἐν τ̣ῇ Ἀντινόο̣υ,27.8105625,30.8810025
586,ἐν τῇ Ἀντινόου,27.8105625,30.8810025
587,ἐν τῇ Ἀντινόου,27.8105625,30.8810025
588,ἐν Ἀντινόου πόλει,27.8105625,30.8810025
589,ὁρμωμένοις ἀπὸ ταύτης τῆς Ἀντινοέων πόλεως,27.8105625,30.8810025
590,ὁρμωμένου μὲ̣ν ἀπὸ τῆς Μ̣εγάλης Ἑ̣ρμουπολιτῶν πόλεως,27.7756214,30.8047827
591,ἐπὶ τῆς αὐτῆς Ἀντινόου πόλεως,27.8105625,30.8810025
592,Ἀντινοέων πόλ̣εως,27.8105625,30.8810025
593,ἀπὸ τῆς Ἀ̣νταίου π̣ό̣λεως̣?,26.8992835,31.517443
594,ἐπὶ τῆς αὐτῆς Ἀν̣τ̣ινοέων πόλεως,27.8105625,30.8810025
595,ἀπὸ τῆς Λ̣υ̣κοπολιτῶν,27.181346,31.1825335
596,ἐπὶ τῆς αὐτῆς Λο̣ι̣κ̣ο̣π̣ο̣λ̣ι̣τ̣ῶν̣,27.181346,31.1825335
597,Εὐλυκοπολιτῶν,27.181346,31.1825335
598,Ἀντιοχ\\ήσ̣ιον,36.200663,36.165318
599,Ἀλεξα<ν>δρῖνα,31.1982456667,29.9079146667
600,Καισαρήσιον,32.5791643333,34.8991616667
601,τῆς Ἀντα̣ιοπολιτῶν,26.8992835,31.517443
602,Θηβαίων,25.68502752,32.6355911
603,τῆς̣ Ἀν̣ταίου,26.8992835,31.517443
604,ἀπὸ τῆς πόλεως Ἀνταίου,26.8992835,31.517443
605,τῇ Ἀνταίου,26.8992835,31.517443
606,ἐν Ἀντινόου πόλει,27.8105625,30.8810025
607,ὁρμώμενοι μὲν ἀπὸ τῆς Λυκοπολιτῶν,27.181346,31.1825335
608,ἐπὶ ταύτης τῆς Ἀντινοέων,27.8105625,30.8810025
609,ἐν Ἀντινόου πόλει,27.8105625,30.8810025
610,ἀπὸ ταύτης τῆς  Ἀντινοέων πόλεως,27.8105625,30.8810025
611,Ἀντινόου,27.8105625,30.8810025
612,ἀπὸ ταύ̣της τῆ̣ς̣ Ἀντινοέων πόλεως?,27.8105625,30.8810025
613,Ἀντινόου,27.8105625,30.8810025
614,Ἀντινόου,27.8105625,30.8810025
615,ἀπὸ τῆς Ἀντινόου,27.8105625,30.8810025
616,ἀπὸ Ἀντινόου,27.8105625,30.8810025
617,Φθλα,26.919206,31.40847
618,ἀπὸ Ἀφ̣ρ̣ο̣δ̣ί̣τ̣ης,26.833145,31.416623
619,Θήβην,25.68502752,32.6355911
620,Ἀν̣τινοέων πόλεως,27.8105625,30.8810025
621,ἀ̣π̣ὸ τῆς Ἀντινοέων πόλεως,27.8105625,30.8810025
622,ἀ̣π̣ὸ̣ τῆ̣ς Ἀντ̣ινοέων πόλεως,27.8105625,30.8810025
623,ἐπὶ τῆς Ἀντινοέων πόλεως,27.8105625,30.8810025
624,ἀπὸ Ἀν̣τ̣ινοέων πόλεως,27.8105625,30.8810025
625, Ἀντ̣ινοέων πόλεως,27.8105625,30.8810025
626,ἀπὸ τῆς Ἀντινοέων πόλεως,27.8105625,30.8810025
627,ἐπὶ τῆς Ἀντινοέων πόλεως,27.8105625,30.8810025
628,Ἀντινοέων πόλεως,27.8105625,30.8810025
629,ἀπὸ τῆς Ἀντινοέων πόλεως,27.8105625,30.8810025
630,ἐπ̣ὶ̣ τ̣ῆς Ἀντινοέων πόλεως,27.8105625,30.8810025
631,ἀπὸ Ἀντινοέων πόλεως,27.8105625,30.8810025
632,Ἀντινοέων πόλεως,27.8105625,30.8810025
633,ἀπὸ τ̣ῆς̣ Ἀ̣ν̣τ̣ι̣νοέων πόλεως,27.8105625,30.8810025
634,ἐπὶ τῆς Ἀντινοέων̣ πόλεως,27.8105625,30.8810025
635,ἀπὸ Ἀ̣ν̣τ̣ινοέων πόλεως,27.8105625,30.8810025
636,Ἀντινοέων πόλεως,27.8105625,30.8810025
637,ἀπ̣ὸ τῆς Ἀντινοέων πόλεως,27.8105625,30.8810025
638,ἀπὸ τῆς Ἀντινοέων πόλεως,27.8105625,30.8810025
639,ἐπὶ τῆς Ἀντινοέων πόλεως,27.8105625,30.8810025
640,ἐν Ἀντινόου πόλει,27.8105625,30.8810025
641,ὁρμώμενος ἀπὸ τῆς Ἀντινοέων,27.8105625,30.8810025
642,Ῥωμαίων,41.8917375,12.4861685
643,Τριφί̣ο̣υ,26.513615,31.6636135
644,κατὰ τὴν Ἀντ̣ινοέων,27.8105625,30.8810025
645,κατὰ τὴν Ἑρμουπολιτῶν,27.7756214,30.8047827
646,κ̣ατὰ τὴν Ἀντινοέων,27.8105625,30.8810025
647,ἀπὸ Φθ̣λα,26.919206,31.40847
648,τῆς Ἀνταιοπολιτῶν,26.8992835,31.517443
649,τῆς κώμης Φθλα,26.919206,31.40847
650,Φθλα,26.919206,31.40847
651,ἐν Θηνει,26.341487,31.841893
652,Ἀντινόου,27.8105625,30.8810025
653,τῆς Ἀνταίου,26.8992835,31.517443
654,τῆς ἡμῶν κώμης κώμης Ἀφροδίτης,26.833145,31.416623
655,μέχρι νῦν τῆς Ἀνταίου,26.8992835,31.517443
656,κώμης Ἀφροδίτης,26.833145,31.416623
657,τῆς Ἀνταίου,26.8992835,31.517443
658,Ὀμβων,24.4520527778,32.9282444444
659,ἐπὶ τῆσδε τῆ̣ς πόλεως Ἀντινόου,27.8105625,30.8810025
660,ἐν τῇ \\Ἀ̣ν̣τ̣α̣ί̣ου,26.8992835,31.517443
661,κώμης Ἀφροδίτης,26.833145,31.416623
662,τῆς Ἀνταίου,26.8992835,31.517443
663,ἐν Ἀφροδίτῃ,26.833145,31.416623
664,τῇ κώμῃ Ἀφροδίτῃ,26.833145,31.416623
665,τῇ  πόλει Ἀνταίου,26.8992835,31.517443
666,ἀπὸ τῆς Λύκων,27.181346,31.1825335
667,ἀπὸ Ἀφροδίτης,26.833145,31.416623
668,Θήβης,25.68502752,32.6355911
669,Φαρίης,31.214039,29.885368
670,Θήβη,25.68502752,32.6355911
671,ὅλης  Ἀφρογενέης,26.833145,31.416623
672,{πτολίεθρον  Ἀντινοῆος},27.8105625,30.8810025
673,πτόλις  Ἀντινοῆος,27.8105625,30.8810025
674,Παφίην,34.757212,32.406593
675,Θήβης,25.68502752,32.6355911
676,Ἀντινόοιο,27.8105625,30.8810025
677,Θή̣βη,25.68502752,32.6355911
678,Θήβης,25.68502752,32.6355911
679,Θήβη,25.68502752,32.6355911
680,Θήβην,25.68502752,32.6355911
681,ἀπὸ ταύτης τῆς Ἀντιν̣οέων πόλεως,27.8105625,30.8810025
682,ἀπὸ Πανὸς πόλεως,26.565878,31.746075
683,Θήβη,25.68502752,32.6355911
684,ἐν Ἀν̣τ̣ι̣ν̣όου πόλ̣ει,27.8105625,30.8810025
685,ὁρμώμενος μ̣ὲν ἀ̣π̣ὸ τ̣ῆ̣ς̣ Ἀ̣νταιοπολιτῶν,26.8992835,31.517443
686,ἐπὶ τ̣αύτ̣η̣ς τῆς Ἀντιν̣ο̣έων πόλεως,27.8105625,30.8810025
687,ἀπὸ ταύτης τῆς Ἀντινοέων πό̣λεως,27.8105625,30.8810025
688,ἐν Ἀντινόου πόλει,27.8105625,30.8810025
689,ἀπὸ ταύτης τῆς καλλιπόλεως Ἀντινοέων,27.8105625,30.8810025
690,ἀπὸ ταύτης τῆς Ἀντινοέων πόλεως,27.8105625,30.8810025
691,ἐν Ἀντινόου πόλει,27.8105625,30.8810025
692,ἀπὸ τῆς Ἀντινοέων πόλεως,27.8105625,30.8810025
693,Ἀντινόου,27.8105625,30.8810025
694,ἀπὸ Ἀντινόου,27.8105625,30.8810025
695,ἐν Ἀντινόου πόλει,27.8105625,30.8810025
696,ὁρμώμενος ἀπὸ ταύτης τῆς  Ἀντινοέων πόλεως,27.8105625,30.8810025
697,ταύτης τῆς πόλεως ἡμῶν Ἀντινόου,27.8105625,30.8810025
698,ἐν Ἀντινόου πόλει,27.8105625,30.8810025
699,ἀπὸ ταύτης τῆς καλλιπόλεως Ἀντινοέων,27.8105625,30.8810025
700,ἀπὸ ταύτης τῆς Ἀντινοέων πόλεως,27.8105625,30.8810025
701,ἐν Ἀντινόου πόλει,27.8105625,30.8810025
702,ἀπὸ ταύτης τῆς καλλιπόλεως Ἀντινοέων,27.8105625,30.8810025
703,ἀπὸ ταύτης τῆς Ἀντινοέων πόλεως,27.8105625,30.8810025
704,ἐν Ἀντινόου πόλει,27.8105625,30.8810025
705,κατὰ ταύτην τὴν Ἀντινοέων πόλιν,27.8105625,30.8810025
706,Ἀντινόου,27.8105625,30.8810025
707,Ἀντινόου,27.8105625,30.8810025
708,ἐν Ἀν̣̣τινόου πόλει,27.8105625,30.8810025
709,ἐπὶ ταύτης τῆς Ἀντινόου πόλεως,27.8105625,30.8810025
710,Ἀντινόου,27.8105625,30.8810025
711,ἐν Ἀντινόου πόλει,27.8105625,30.8810025
712,ἀ̣πὸ τῆ̣ς Ἀντινόου π̣όλεως,27.8105625,30.8810025
713,ὁ̣ρ̣μωμένῳ κ̣αὶ αὐτῷ ἀπὸ τῆς αὐτῆς Ἀντινόου πόλεως̣,27.8105625,30.8810025
714,ὁρμωμένης ἀπὸ Ἀφροδίτης τῆς πανταθλίας κώμης,26.833145,31.416623
715,ἀπὸ τῆς Πανὸς πόλεως ὁρμώμενος,26.565878,31.746075
716,εἰς τὴν Πανός,26.565878,31.746075
717,τῆς Ἀνταίου,26.8992835,31.517443
718,τῆς κώμης Φθλα,26.919206,31.40847
719,Ἀφροδίτης κώμης,26.833145,31.416623
720,Ἀφροδίτης,26.833145,31.416623
721,Θ̣ήβη̣ς,25.68502752,32.6355911
722,Θήβη,25.68502752,32.6355911
723,Παφίης,34.757212,32.406593
724,ἐν Φθελα,26.919206,31.40847
725,ἐν Ἀντινόου πόλει,27.8105625,30.8810025
726,ἀπὸ ταύτη̣ς τῆς καλλιπόλεως Ἀντινοέων,27.8105625,30.8810025
727,ταύτης τῆς Ἀντινοέων πόλεως̣,27.8105625,30.8810025
728,ἐν Ἀντινόου πόλει,27.8105625,30.8810025
729,ἐπὶ ταύτης τῆς καλλιπόλεως Ἀντινοέων,27.8105625,30.8810025
730,τῆς Ἀντινόου πόλεως,27.8105625,30.8810025
731,τῆς Ἑρμοῦ πόλεως,27.7756214,30.8047827
732,τῆς αὐτῆς Ἑρμοῦ πόλεως,27.7756214,30.8047827
733,τῆς Ἀνταιοπολιτῶν,26.8992835,31.517443
734,ἐν Ἀντινόου πόλε̣ι̣,27.8105625,30.8810025
735,ὁρμώμενος μὲν ἀπὸ τ̣ῆ̣ς̣  Λύκων πόλεως,27.181346,31.1825335
736,ἐπὶ τα̣ύτης τῆς καλλιπόλεως Ἀντιν̣ο̣έ̣ων,27.8105625,30.8810025
737,τ̣ῆ̣ς̣ Ἀντινόου,27.8105625,30.8810025
738,Ἀντινόου,27.8105625,30.8810025
739,Ἀ̣ν̣τινόου,27.8105625,30.8810025
740,ταύτης τῆς Ἀντινοέων,27.8105625,30.8810025
741,Ἀ̣ν̣τινόου,27.8105625,30.8810025
742,ἐ̣ν Ἀντινόου πόλει,27.8105625,30.8810025
743,ὁρμώμενοι ἀπὸ τῆς Ἀντινοέων πόλεως,27.8105625,30.8810025
744,ἐπὶ ταύτης τῆς Ἀντινοέων π̣ό̣λεως̣,27.8105625,30.8810025
745,Ἀντινόο̣υ,27.8105625,30.8810025
746,ἐν Ἀντινόου πόλει,27.8105625,30.8810025
747,ὁρμώμενος ἀπ\\ὸ τῆς  Λύκ̣ων πόλεως,27.181346,31.1825335
748,ἐπὶ τ̣αύτης τῆς καλλιπόλεως Ἀντινοέ̣ω̣ν,27.8105625,30.8810025
749,ἀπ\\ὸ τῆ̣ς̣ αὐτ̣ῆς Λύκων πόλεως,27.181346,31.1825335
750,Ἀντινόου,27.8105625,30.8810025
751,Ἀντινόου,27.8105625,30.8810025
752,ἀπὸ τῆς̣ λαμπρᾶς καὶ Μεγάλης Ἑρμοῦ πόλεως,27.7756214,30.8047827
753,ἀπ\\ὸ ταύτης τῆς Ἀντινοέω̣ν̣ πό̣λεως,27.8105625,30.8810025
754,Ἀν̣τινόου,27.8105625,30.8810025
755,ἐν ταύτῃ τῇ πόλει Ἀντινόου,27.8105625,30.8810025
756,ἀπὸ Ἑρ̣μ̣οῦ π̣ό̣λεως,27.7756214,30.8047827
757,ἐν Ἀντινόου πόλει,27.8105625,30.8810025
758,ὁρμώμενοι ἀπὸ τῆς Ἀντινοέων πόλεως,27.8105625,30.8810025
759,ἐν Ἀντινόου πόλει,27.8105625,30.8810025
760,ὁ̣ρ̣μ̣ώ̣μ̣ε̣νος ἀπὸ ταύ̣τ̣ης τῆς καλλιπόλεως Ἀντινοέων,27.8105625,30.8810025
761,ἐν Ἀντινόου πό̣λει,27.8105625,30.8810025
762,ἐπὶ τῆς αὐτῆς Ἀντινοέων πόλεως,27.8105625,30.8810025
763,πόλεως Ἀντινόου,27.8105625,30.8810025
764,ἐν Ἀντινόου πόλει,27.8105625,30.8810025
765,ὁρμωμένη ἀπὸ ταύτης τῆς καλλιπόλεως Ἀντινοέων,27.8105625,30.8810025
766,ὁρμώμενος ἀπὸ τῆς αὐτῆς Ἀντινόου πόλεως,27.8105625,30.8810025
767,ἐν Ἀντινόου πόλει,27.8105625,30.8810025
768,ὁρμωμένῳ ἀπ̣ὸ τῆς Πανοπολιτῶν καλλιπόλεως,26.565878,31.746075
769,ὁρμωμένης καὶ αὐτ̣ῆ̣ς ἀπὸ̣ τῆς Ἀν̣τι̣ν̣όου πόλεω̣ς,27.8105625,30.8810025
770,Ἀντινόου,27.8105625,30.8810025
771,Ἀν̣τ̣ινόου,27.8105625,30.8810025
772,ἀ̣πὸ Ἀντινό̣ου π̣ό̣λ̣ε̣ως,27.8105625,30.8810025
773,ἐ̣ν Ἀντινόου πό̣λει,27.8105625,30.8810025
774,κατὰ ταύτην τὴν Ἀντινοέων πόλιν,27.8105625,30.8810025
775,τῆς  Ἀν̣τι̣νοέων̣ πόλεως,27.8105625,30.8810025
776,ἐπὶ τῆς α̣ὐ̣τῆς Ἀ̣ντινοέων πόλεως,27.8105625,30.8810025
777,Κνίδια,36.686188,27.37404
778,ἐν Ἀντινόου πόλει,27.8105625,30.8810025
779,ἀπὸ ταύτης τῆς καλλιπόλεως Ἀντινοέων,27.8105625,30.8810025
780,Ῥωμαίων,41.8917375,12.4861685
781,παρά τινων Ἀνταιοπολιτῶν,26.8992835,31.517443
782,Ἀντινόου,27.8105625,30.8810025
783,ἐν Ἀντινόου πόλει,27.8105625,30.8810025
784,ἐν Ἀντινόου πόλει,27.8105625,30.8810025
785,ἀπὸ ταύτης τῆς καλλιπόλεως Ἀντινοέων,27.8105625,30.8810025
786,Ῥωμαίων,41.8917375,12.4861685
787,ἐν̣ Ἀντινόου π̣όλει,27.8105625,30.8810025
788,ὁρμωμέν̣η ἀπὸ ταύτης τῆ̣ς καλλιπόλεως Ἀντιν̣ο̣έ̣ων̣,27.8105625,30.8810025
789,ὁρμωμέ̣νου καὶ α̣ὐτοῦ ἀπὸ τῆς αὐτ̣ῆς Ἀντινοέων πό̣λεως,27.8105625,30.8810025
790,Ἀντινόου,27.8105625,30.8810025
791,Ἀντινόου,27.8105625,30.8810025
792,ἐν ταύτῃ̣ τῇ Ἀν̣τ̣ινοέων πόλει,27.8105625,30.8810025
793,Ἀν̣τ̣ι̣νόου,27.8105625,30.8810025
794,ἐν Ἀντινόου πόλει,27.8105625,30.8810025
795,ὁρμωμέν̣η ἀπὸ ταύτης τῆ̣ς καλλιπόλεως Ἀντιν̣ο̣έ̣ων̣,27.8105625,30.8810025
796,ὁρμωμέ̣νου καὶ α̣ὐτοῦ ἀπὸ τῆς αὐτ̣ῆς Ἀντινοέων πόλεως,27.8105625,30.8810025
797,Ἀντινόου,27.8105625,30.8810025
798,Ἀντινόου,27.8105625,30.8810025
799,ἐν ταύτῃ̣ τῇ Ἀν̣τ̣ινοέων πόλει,27.8105625,30.8810025
800,Ἀν̣τ̣ι̣νόου,27.8105625,30.8810025
801,τῆ̣ς̣ Ἀ̣ν̣τ̣α?ί̣ο̣υ̣,26.8992835,31.517443
802,Θηβαίων,25.68502752,32.6355911
803,τῆς πό̣λεω̣ς Ἀνταίου,26.8992835,31.517443
804,Ἀνταιοπολιτ,26.8992835,31.517443
805,τῆς  Ἀ̣ν̣τ̣α̣ί̣ου,26.8992835,31.517443
806,τῆς Ἀνταίου?,26.8992835,31.517443
807,τῆς̣ τε π̣ό̣λ̣ε̣ω̣ς̣ Ἀ̣ν̣ταίου,26.8992835,31.517443
808,ἐν Ἀντινόου πόλει,27.8105625,30.8810025
809,ὁρμωμένῳ ἀπὸ τῆς Ἀνταιοπολιτῶν,26.8992835,31.517443
810,ἐπὶ τ̣αύτης τῆς κ̣αλλιπόλεως Ἀντινοέων,27.8105625,30.8810025
811,Ἀντινό̣ου,27.8105625,30.8810025
812,ἀπὸ Ἑρμοῦ πόλεως,27.7756214,30.8047827
813,ἀπὸ Πανός,26.565878,31.746075
814,ἐν corrected from ἠν Ἀντινόου,27.8105625,30.8810025
815,ἐν Ἀντινόου πόλει,27.8105625,30.8810025
816,ὁρμωμέν̣η ἀπὸ ταύτης τῆ̣ς καλλιπόλεως Ἀντιν̣ο̣έ̣ων̣,27.8105625,30.8810025
817,ὁρμωμέ̣νου καὶ α̣ὐτοῦ ἀπὸ τῆς αὐτ̣ῆς Ἀντινοέων πόλεως,27.8105625,30.8810025
818,Ἀντινόου,27.8105625,30.8810025
819,Ἀντινόου,27.8105625,30.8810025
820,ἐν ταύτῃ̣ τῇ Ἀντινόου πόλει,27.8105625,30.8810025
821,Ἀν̣τ̣ι̣νόου,27.8105625,30.8810025
822,τῆς αὐτῆς κώμης Ἀφροδίτης,26.833145,31.416623
823,\\κώμης? Ἀφροδίτης,26.833145,31.416623
824,ἀπὸ κώμης Τεμσηυ Σκόρψωμ̣ sic,28.023569,30.708324
825,ἀπὸ κώμης Ἀφροδ̣ίτης,26.833145,31.416623
826,Ἀν̣ταίο̣υ,26.8992835,31.517443
827,ἀπ\\ὸ Ψιναβλα?,26.653194,31.600403
828,εἰς Ἀντινόου,27.8105625,30.8810025
829,ἐν Ἀφροδίτῃ κώ̣μῃ,26.833145,31.416623
830,ἐπὶ κώμης Ἀφροδίτης,26.833145,31.416623
831,ϫⲕⲱⲟⲩ,26.833145,31.416623
832,Κνίδια,36.686188,27.37404
833,Κν̣ίδια,36.686188,27.37404
834,Κνίδ̣ια,36.686188,27.37404
835,Κνίδια,36.686188,27.37404
836,κώμης Ἀφροδιτώ,26.833145,31.416623
837,κώμης Ἀφροδίτω,26.833145,31.416623
838,κώμης Ἀφροδιτώ,26.833145,31.416623
